index,filename,source,lens,chi,x,y,einsteinR,sigma,sigma2,theta,nterms
"00001",image-00001.png,s,p,50,17,-81,15,66,0,0,16
"00002",image-00002.png,s,p,50,7,6,17,21,0,0,16
"00003",image-00003.png,s,p,50,2,63,21,56,0,0,16
"00004",image-00004.png,s,p,50,-7,-6,34,36,0,0,16
"00005",image-00005.png,s,p,50,10,96,15,6,0,0,16
"00006",image-00006.png,s,p,50,-53,-81,32,23,0,0,16
"00007",image-00007.png,s,p,50,46,-96,17,54,0,0,16
"00008",image-00008.png,s,p,50,-79,-28,47,67,0,0,16
"00009",image-00009.png,s,p,50,37,-19,42,62,0,0,16
"00010",image-00010.png,s,p,50,-59,63,21,2,0,0,16
"00011",image-00011.png,s,p,50,-80,22,2,29,0,0,16
"00012",image-00012.png,s,p,50,25,18,46,48,0,0,16
"00013",image-00013.png,s,p,50,-97,82,16,63,0,0,16
"00014",image-00014.png,s,p,50,75,-57,48,3,0,0,16
"00015",image-00015.png,s,p,50,14,3,9,68,0,0,16
"00016",image-00016.png,s,p,50,68,-71,15,18,0,0,16
"00017",image-00017.png,s,p,50,75,-77,38,64,0,0,16
"00018",image-00018.png,s,p,50,8,-11,32,1,0,0,16
"00019",image-00019.png,s,p,50,70,-24,25,32,0,0,16
"00020",image-00020.png,s,p,50,95,86,11,18,0,0,16
"00021",image-00021.png,s,p,50,36,42,11,45,0,0,16
"00022",image-00022.png,s,p,50,-61,20,22,12,0,0,16
"00023",image-00023.png,s,p,50,-3,-46,44,41,0,0,16
"00024",image-00024.png,s,p,50,-3,-56,35,70,0,0,16
"00025",image-00025.png,s,p,50,33,-26,27,22,0,0,16
"00026",image-00026.png,s,p,50,-47,-7,4,3,0,0,16
"00027",image-00027.png,s,p,50,88,97,35,20,0,0,16
"00028",image-00028.png,s,p,50,-49,54,42,32,0,0,16
"00029",image-00029.png,s,p,50,97,-74,17,58,0,0,16
"00030",image-00030.png,s,p,50,35,-2,21,18,0,0,16
"00031",image-00031.png,s,p,50,98,-77,49,63,0,0,16
"00032",image-00032.png,s,p,50,-62,30,37,6,0,0,16
"00033",image-00033.png,s,p,50,-84,-17,13,53,0,0,16
"00034",image-00034.png,s,p,50,28,-41,9,12,0,0,16
"00035",image-00035.png,s,p,50,-36,-1,49,10,0,0,16
"00036",image-00036.png,s,p,50,-50,49,20,67,0,0,16
"00037",image-00037.png,s,p,50,-89,-18,10,27,0,0,16
"00038",image-00038.png,s,p,50,62,2,25,46,0,0,16
"00039",image-00039.png,s,p,50,-87,-64,35,10,0,0,16
"00040",image-00040.png,s,p,50,19,43,26,33,0,0,16
"00041",image-00041.png,s,p,50,64,-87,43,23,0,0,16
"00042",image-00042.png,s,p,50,-33,9,15,43,0,0,16
"00043",image-00043.png,s,p,50,-97,57,47,28,0,0,16
"00044",image-00044.png,s,p,50,33,-53,41,43,0,0,16
"00045",image-00045.png,s,p,50,-100,-36,29,43,0,0,16
"00046",image-00046.png,s,p,50,39,14,9,22,0,0,16
"00047",image-00047.png,s,p,50,48,45,33,42,0,0,16
"00048",image-00048.png,s,p,50,79,35,27,62,0,0,16
"00049",image-00049.png,s,p,50,92,-55,35,37,0,0,16
"00050",image-00050.png,s,p,50,-78,-43,46,7,0,0,16
"00051",image-00051.png,s,p,50,-41,33,8,70,0,0,16
"00052",image-00052.png,s,p,50,-6,71,18,34,0,0,16
"00053",image-00053.png,s,p,50,69,73,42,22,0,0,16
"00054",image-00054.png,s,p,50,-72,16,26,20,0,0,16
"00055",image-00055.png,s,p,50,5,87,46,8,0,0,16
"00056",image-00056.png,s,p,50,54,-92,22,3,0,0,16
"00057",image-00057.png,s,p,50,-76,-24,41,22,0,0,16
"00058",image-00058.png,s,p,50,3,4,32,4,0,0,16
"00059",image-00059.png,s,p,50,74,-54,50,67,0,0,16
"00060",image-00060.png,s,p,50,82,-39,19,17,0,0,16
"00061",image-00061.png,s,p,50,-44,-1,25,69,0,0,16
"00062",image-00062.png,s,p,50,58,82,33,51,0,0,16
"00063",image-00063.png,s,p,50,-41,-51,14,56,0,0,16
"00064",image-00064.png,s,p,50,-67,-37,1,62,0,0,16
"00065",image-00065.png,s,p,50,-59,-63,50,65,0,0,16
"00066",image-00066.png,s,p,50,65,-41,9,68,0,0,16
"00067",image-00067.png,s,p,50,83,-73,48,6,0,0,16
"00068",image-00068.png,s,p,50,-67,-77,48,26,0,0,16
"00069",image-00069.png,s,p,50,-18,5,24,24,0,0,16
"00070",image-00070.png,s,p,50,22,77,8,45,0,0,16
"00071",image-00071.png,s,p,50,67,-77,42,70,0,0,16
"00072",image-00072.png,s,p,50,-94,-72,3,46,0,0,16
"00073",image-00073.png,s,p,50,-78,78,13,17,0,0,16
"00074",image-00074.png,s,p,50,58,7,45,47,0,0,16
"00075",image-00075.png,s,p,50,-3,55,14,29,0,0,16
"00076",image-00076.png,s,p,50,-12,-66,14,28,0,0,16
"00077",image-00077.png,s,p,50,-94,-30,14,43,0,0,16
"00078",image-00078.png,s,p,50,-74,69,12,32,0,0,16
"00079",image-00079.png,s,p,50,99,31,31,26,0,0,16
"00080",image-00080.png,s,p,50,39,-49,5,68,0,0,16
"00081",image-00081.png,s,p,50,53,79,7,29,0,0,16
"00082",image-00082.png,s,p,50,-72,-59,47,49,0,0,16
"00083",image-00083.png,s,p,50,7,98,50,40,0,0,16
"00084",image-00084.png,s,p,50,-40,-14,45,3,0,0,16
"00085",image-00085.png,s,p,50,76,-1,9,61,0,0,16
"00086",image-00086.png,s,p,50,75,81,8,24,0,0,16
"00087",image-00087.png,s,p,50,70,8,14,35,0,0,16
"00088",image-00088.png,s,p,50,30,-39,34,64,0,0,16
"00089",image-00089.png,s,p,50,-32,21,30,13,0,0,16
"00090",image-00090.png,s,p,50,99,27,36,13,0,0,16
"00091",image-00091.png,s,p,50,80,-72,26,69,0,0,16
"00092",image-00092.png,s,p,50,-93,-49,22,21,0,0,16
"00093",image-00093.png,s,p,50,-53,33,6,40,0,0,16
"00094",image-00094.png,s,p,50,94,-70,26,32,0,0,16
"00095",image-00095.png,s,p,50,-81,-55,9,25,0,0,16
"00096",image-00096.png,s,p,50,-49,-47,17,37,0,0,16
"00097",image-00097.png,s,p,50,4,21,11,37,0,0,16
"00098",image-00098.png,s,p,50,43,5,13,12,0,0,16
"00099",image-00099.png,s,p,50,80,-98,45,44,0,0,16
"00100",image-00100.png,s,p,50,-91,-73,8,57,0,0,16
"00101",image-00101.png,s,p,50,48,0,23,10,0,0,16
"00102",image-00102.png,s,p,50,3,2,18,24,0,0,16
"00103",image-00103.png,s,p,50,-51,-72,15,63,0,0,16
"00104",image-00104.png,s,p,50,31,34,26,9,0,0,16
"00105",image-00105.png,s,p,50,-81,-57,2,18,0,0,16
"00106",image-00106.png,s,p,50,-97,26,43,28,0,0,16
"00107",image-00107.png,s,p,50,-95,1,24,48,0,0,16
"00108",image-00108.png,s,p,50,4,-34,1,62,0,0,16
"00109",image-00109.png,s,p,50,-34,32,36,39,0,0,16
"00110",image-00110.png,s,p,50,-31,-22,31,61,0,0,16
"00111",image-00111.png,s,p,50,45,24,20,47,0,0,16
"00112",image-00112.png,s,p,50,-9,57,37,55,0,0,16
"00113",image-00113.png,s,p,50,-83,-31,27,61,0,0,16
"00114",image-00114.png,s,p,50,-67,77,42,7,0,0,16
"00115",image-00115.png,s,p,50,-67,44,49,46,0,0,16
"00116",image-00116.png,s,p,50,-93,45,19,54,0,0,16
"00117",image-00117.png,s,p,50,-96,-39,6,54,0,0,16
"00118",image-00118.png,s,p,50,74,20,14,20,0,0,16
"00119",image-00119.png,s,p,50,71,45,8,58,0,0,16
"00120",image-00120.png,s,p,50,-84,-21,33,65,0,0,16
"00121",image-00121.png,s,p,50,64,-84,2,21,0,0,16
"00122",image-00122.png,s,p,50,-63,96,29,68,0,0,16
"00123",image-00123.png,s,p,50,53,-56,2,16,0,0,16
"00124",image-00124.png,s,p,50,86,7,34,54,0,0,16
"00125",image-00125.png,s,p,50,-91,-45,23,38,0,0,16
"00126",image-00126.png,s,p,50,-9,-42,31,4,0,0,16
"00127",image-00127.png,s,p,50,-39,-91,13,29,0,0,16
"00128",image-00128.png,s,p,50,-63,36,33,55,0,0,16
"00129",image-00129.png,s,p,50,22,30,29,3,0,0,16
"00130",image-00130.png,s,p,50,64,98,25,13,0,0,16
"00131",image-00131.png,s,p,50,65,52,24,20,0,0,16
"00132",image-00132.png,s,p,50,-91,-49,36,62,0,0,16
"00133",image-00133.png,s,p,50,-8,89,50,47,0,0,16
"00134",image-00134.png,s,p,50,-45,-42,19,42,0,0,16
"00135",image-00135.png,s,p,50,83,-4,1,19,0,0,16
"00136",image-00136.png,s,p,50,55,48,43,68,0,0,16
"00137",image-00137.png,s,p,50,96,96,16,37,0,0,16
"00138",image-00138.png,s,p,50,98,-48,21,56,0,0,16
"00139",image-00139.png,s,p,50,-16,-65,46,63,0,0,16
"00140",image-00140.png,s,p,50,-38,-12,1,7,0,0,16
"00141",image-00141.png,s,p,50,-55,-5,27,52,0,0,16
"00142",image-00142.png,s,p,50,-63,-76,37,14,0,0,16
"00143",image-00143.png,s,p,50,47,-72,13,42,0,0,16
"00144",image-00144.png,s,p,50,-76,-66,40,65,0,0,16
"00145",image-00145.png,s,p,50,33,20,28,11,0,0,16
"00146",image-00146.png,s,p,50,-50,71,1,44,0,0,16
"00147",image-00147.png,s,p,50,-83,-31,11,16,0,0,16
"00148",image-00148.png,s,p,50,4,60,6,15,0,0,16
"00149",image-00149.png,s,p,50,40,100,28,52,0,0,16
"00150",image-00150.png,s,p,50,-67,-42,9,20,0,0,16
"00151",image-00151.png,s,p,50,-22,72,40,2,0,0,16
"00152",image-00152.png,s,p,50,5,5,17,40,0,0,16
"00153",image-00153.png,s,p,50,-14,61,20,61,0,0,16
"00154",image-00154.png,s,p,50,74,20,2,28,0,0,16
"00155",image-00155.png,s,p,50,-55,83,43,20,0,0,16
"00156",image-00156.png,s,p,50,-23,42,25,29,0,0,16
"00157",image-00157.png,s,p,50,8,51,38,50,0,0,16
"00158",image-00158.png,s,p,50,19,95,27,52,0,0,16
"00159",image-00159.png,s,p,50,17,96,37,57,0,0,16
"00160",image-00160.png,s,p,50,-53,57,17,31,0,0,16
"00161",image-00161.png,s,p,50,46,51,42,65,0,0,16
"00162",image-00162.png,s,p,50,-9,-60,8,16,0,0,16
"00163",image-00163.png,s,p,50,36,47,20,9,0,0,16
"00164",image-00164.png,s,p,50,93,-2,29,22,0,0,16
"00165",image-00165.png,s,p,50,78,-12,37,1,0,0,16
"00166",image-00166.png,s,p,50,-77,-37,15,19,0,0,16
"00167",image-00167.png,s,p,50,20,98,27,4,0,0,16
"00168",image-00168.png,s,p,50,43,-43,25,70,0,0,16
"00169",image-00169.png,s,p,50,91,0,26,43,0,0,16
"00170",image-00170.png,s,p,50,-82,-28,42,17,0,0,16
"00171",image-00171.png,s,p,50,88,72,33,68,0,0,16
"00172",image-00172.png,s,p,50,-68,-20,8,26,0,0,16
"00173",image-00173.png,s,p,50,-66,-29,10,50,0,0,16
"00174",image-00174.png,s,p,50,-39,-62,37,15,0,0,16
"00175",image-00175.png,s,p,50,62,-100,29,6,0,0,16
"00176",image-00176.png,s,p,50,41,47,15,69,0,0,16
"00177",image-00177.png,s,p,50,59,-78,15,45,0,0,16
"00178",image-00178.png,s,p,50,0,-8,31,6,0,0,16
"00179",image-00179.png,s,p,50,-8,-66,36,9,0,0,16
"00180",image-00180.png,s,p,50,42,82,32,59,0,0,16
"00181",image-00181.png,s,p,50,-15,-33,36,46,0,0,16
"00182",image-00182.png,s,p,50,75,27,9,37,0,0,16
"00183",image-00183.png,s,p,50,98,6,21,66,0,0,16
"00184",image-00184.png,s,p,50,47,92,8,59,0,0,16
"00185",image-00185.png,s,p,50,20,45,6,2,0,0,16
"00186",image-00186.png,s,p,50,98,9,29,15,0,0,16
"00187",image-00187.png,s,p,50,-14,68,25,33,0,0,16
"00188",image-00188.png,s,p,50,-1,97,2,68,0,0,16
"00189",image-00189.png,s,p,50,-2,-82,18,30,0,0,16
"00190",image-00190.png,s,p,50,-75,-66,30,40,0,0,16
"00191",image-00191.png,s,p,50,51,-39,48,59,0,0,16
"00192",image-00192.png,s,p,50,48,-100,45,35,0,0,16
"00193",image-00193.png,s,p,50,-30,-79,47,2,0,0,16
"00194",image-00194.png,s,p,50,71,60,29,49,0,0,16
"00195",image-00195.png,s,p,50,-65,17,14,7,0,0,16
"00196",image-00196.png,s,p,50,-6,31,49,30,0,0,16
"00197",image-00197.png,s,p,50,33,27,40,38,0,0,16
"00198",image-00198.png,s,p,50,-19,-46,20,6,0,0,16
"00199",image-00199.png,s,p,50,-72,62,22,22,0,0,16
"00200",image-00200.png,s,p,50,45,96,5,65,0,0,16
"00201",image-00201.png,s,p,50,-87,44,6,46,0,0,16
"00202",image-00202.png,s,p,50,-60,81,26,22,0,0,16
"00203",image-00203.png,s,p,50,98,54,32,57,0,0,16
"00204",image-00204.png,s,p,50,-99,39,14,41,0,0,16
"00205",image-00205.png,s,p,50,-71,23,30,26,0,0,16
"00206",image-00206.png,s,p,50,47,-67,38,21,0,0,16
"00207",image-00207.png,s,p,50,-14,-9,14,22,0,0,16
"00208",image-00208.png,s,p,50,-8,-82,36,34,0,0,16
"00209",image-00209.png,s,p,50,68,37,5,55,0,0,16
"00210",image-00210.png,s,p,50,21,-11,5,34,0,0,16
"00211",image-00211.png,s,p,50,-97,-26,20,51,0,0,16
"00212",image-00212.png,s,p,50,-85,-94,50,55,0,0,16
"00213",image-00213.png,s,p,50,-63,-40,32,65,0,0,16
"00214",image-00214.png,s,p,50,8,-3,18,21,0,0,16
"00215",image-00215.png,s,p,50,84,-58,26,52,0,0,16
"00216",image-00216.png,s,p,50,-33,-9,15,56,0,0,16
"00217",image-00217.png,s,p,50,-85,83,3,2,0,0,16
"00218",image-00218.png,s,p,50,-90,27,35,69,0,0,16
"00219",image-00219.png,s,p,50,-3,-87,3,46,0,0,16
"00220",image-00220.png,s,p,50,-88,-99,11,43,0,0,16
"00221",image-00221.png,s,p,50,18,-81,49,12,0,0,16
"00222",image-00222.png,s,p,50,-43,-15,22,36,0,0,16
"00223",image-00223.png,s,p,50,78,88,27,7,0,0,16
"00224",image-00224.png,s,p,50,-64,-15,5,51,0,0,16
"00225",image-00225.png,s,p,50,-33,-59,13,60,0,0,16
"00226",image-00226.png,s,p,50,-1,67,47,17,0,0,16
"00227",image-00227.png,s,p,50,93,13,44,58,0,0,16
"00228",image-00228.png,s,p,50,-70,-50,28,57,0,0,16
"00229",image-00229.png,s,p,50,-38,52,48,70,0,0,16
"00230",image-00230.png,s,p,50,-49,54,5,35,0,0,16
"00231",image-00231.png,s,p,50,-15,-72,36,52,0,0,16
"00232",image-00232.png,s,p,50,6,97,28,26,0,0,16
"00233",image-00233.png,s,p,50,10,11,9,40,0,0,16
"00234",image-00234.png,s,p,50,7,-90,14,1,0,0,16
"00235",image-00235.png,s,p,50,2,-78,40,34,0,0,16
"00236",image-00236.png,s,p,50,-26,-64,14,59,0,0,16
"00237",image-00237.png,s,p,50,-40,-59,8,70,0,0,16
"00238",image-00238.png,s,p,50,-79,46,28,49,0,0,16
"00239",image-00239.png,s,p,50,-82,9,13,54,0,0,16
"00240",image-00240.png,s,p,50,-30,-7,42,24,0,0,16
"00241",image-00241.png,s,p,50,-38,58,50,27,0,0,16
"00242",image-00242.png,s,p,50,-88,38,48,18,0,0,16
"00243",image-00243.png,s,p,50,95,18,12,63,0,0,16
"00244",image-00244.png,s,p,50,50,-57,46,61,0,0,16
"00245",image-00245.png,s,p,50,56,33,3,46,0,0,16
"00246",image-00246.png,s,p,50,-64,99,18,26,0,0,16
"00247",image-00247.png,s,p,50,-65,71,32,22,0,0,16
"00248",image-00248.png,s,p,50,-84,46,39,55,0,0,16
"00249",image-00249.png,s,p,50,-82,-79,11,18,0,0,16
"00250",image-00250.png,s,p,50,-81,-20,42,22,0,0,16
"00251",image-00251.png,s,p,50,-32,85,36,35,0,0,16
"00252",image-00252.png,s,p,50,-57,-92,6,11,0,0,16
"00253",image-00253.png,s,p,50,-40,-3,22,29,0,0,16
"00254",image-00254.png,s,p,50,41,99,12,14,0,0,16
"00255",image-00255.png,s,p,50,-37,-41,17,2,0,0,16
"00256",image-00256.png,s,p,50,81,-82,33,50,0,0,16
"00257",image-00257.png,s,p,50,99,18,48,38,0,0,16
"00258",image-00258.png,s,p,50,-51,-23,29,5,0,0,16
"00259",image-00259.png,s,p,50,11,70,22,54,0,0,16
"00260",image-00260.png,s,p,50,-18,-55,37,52,0,0,16
"00261",image-00261.png,s,p,50,5,-35,15,42,0,0,16
"00262",image-00262.png,s,p,50,17,-96,46,15,0,0,16
"00263",image-00263.png,s,p,50,-10,64,16,29,0,0,16
"00264",image-00264.png,s,p,50,-29,-11,38,38,0,0,16
"00265",image-00265.png,s,p,50,-59,-76,17,23,0,0,16
"00266",image-00266.png,s,p,50,-5,47,5,5,0,0,16
"00267",image-00267.png,s,p,50,40,28,7,53,0,0,16
"00268",image-00268.png,s,p,50,20,31,23,9,0,0,16
"00269",image-00269.png,s,p,50,-35,-54,33,67,0,0,16
"00270",image-00270.png,s,p,50,8,59,44,9,0,0,16
"00271",image-00271.png,s,p,50,-31,43,48,70,0,0,16
"00272",image-00272.png,s,p,50,-87,-12,41,24,0,0,16
"00273",image-00273.png,s,p,50,-82,-3,30,20,0,0,16
"00274",image-00274.png,s,p,50,58,-57,7,41,0,0,16
"00275",image-00275.png,s,p,50,34,18,45,14,0,0,16
"00276",image-00276.png,s,p,50,55,63,11,25,0,0,16
"00277",image-00277.png,s,p,50,-17,-50,28,13,0,0,16
"00278",image-00278.png,s,p,50,-4,30,32,68,0,0,16
"00279",image-00279.png,s,p,50,24,63,2,39,0,0,16
"00280",image-00280.png,s,p,50,-73,-73,40,31,0,0,16
"00281",image-00281.png,s,p,50,10,79,20,46,0,0,16
"00282",image-00282.png,s,p,50,-28,-38,36,19,0,0,16
"00283",image-00283.png,s,p,50,-73,15,14,1,0,0,16
"00284",image-00284.png,s,p,50,-46,-55,4,6,0,0,16
"00285",image-00285.png,s,p,50,26,93,48,57,0,0,16
"00286",image-00286.png,s,p,50,80,55,44,30,0,0,16
"00287",image-00287.png,s,p,50,-85,-81,21,60,0,0,16
"00288",image-00288.png,s,p,50,31,29,5,60,0,0,16
"00289",image-00289.png,s,p,50,33,-51,10,36,0,0,16
"00290",image-00290.png,s,p,50,59,-79,2,59,0,0,16
"00291",image-00291.png,s,p,50,60,20,26,34,0,0,16
"00292",image-00292.png,s,p,50,6,-25,33,70,0,0,16
"00293",image-00293.png,s,p,50,17,-39,28,7,0,0,16
"00294",image-00294.png,s,p,50,-93,-24,41,27,0,0,16
"00295",image-00295.png,s,p,50,59,14,19,44,0,0,16
"00296",image-00296.png,s,p,50,58,60,32,18,0,0,16
"00297",image-00297.png,s,p,50,63,-54,48,8,0,0,16
"00298",image-00298.png,s,p,50,-63,-77,18,18,0,0,16
"00299",image-00299.png,s,p,50,26,-62,13,52,0,0,16
"00300",image-00300.png,s,p,50,-29,57,12,4,0,0,16
"00301",image-00301.png,s,p,50,95,5,33,19,0,0,16
"00302",image-00302.png,s,p,50,83,81,49,19,0,0,16
"00303",image-00303.png,s,p,50,-28,42,42,16,0,0,16
"00304",image-00304.png,s,p,50,-97,-76,12,16,0,0,16
"00305",image-00305.png,s,p,50,-31,-40,8,19,0,0,16
"00306",image-00306.png,s,p,50,1,66,6,42,0,0,16
"00307",image-00307.png,s,p,50,60,-69,1,66,0,0,16
"00308",image-00308.png,s,p,50,19,-36,49,58,0,0,16
"00309",image-00309.png,s,p,50,5,-55,14,28,0,0,16
"00310",image-00310.png,s,p,50,-31,-4,30,53,0,0,16
"00311",image-00311.png,s,p,50,-6,-85,4,18,0,0,16
"00312",image-00312.png,s,p,50,-27,72,21,38,0,0,16
"00313",image-00313.png,s,p,50,16,-77,37,34,0,0,16
"00314",image-00314.png,s,p,50,46,-55,2,22,0,0,16
"00315",image-00315.png,s,p,50,76,11,39,31,0,0,16
"00316",image-00316.png,s,p,50,-17,50,8,18,0,0,16
"00317",image-00317.png,s,p,50,52,-59,20,70,0,0,16
"00318",image-00318.png,s,p,50,34,-59,38,25,0,0,16
"00319",image-00319.png,s,p,50,-85,46,22,29,0,0,16
"00320",image-00320.png,s,p,50,-11,40,32,25,0,0,16
"00321",image-00321.png,s,p,50,83,24,8,1,0,0,16
"00322",image-00322.png,s,p,50,-87,-15,8,24,0,0,16
"00323",image-00323.png,s,p,50,-31,52,22,55,0,0,16
"00324",image-00324.png,s,p,50,-4,63,38,31,0,0,16
"00325",image-00325.png,s,p,50,95,64,25,52,0,0,16
"00326",image-00326.png,s,p,50,-92,85,1,63,0,0,16
"00327",image-00327.png,s,p,50,-16,44,1,15,0,0,16
"00328",image-00328.png,s,p,50,-19,54,39,33,0,0,16
"00329",image-00329.png,s,p,50,-83,-30,32,57,0,0,16
"00330",image-00330.png,s,p,50,-88,-58,31,7,0,0,16
"00331",image-00331.png,s,p,50,-91,-77,6,45,0,0,16
"00332",image-00332.png,s,p,50,33,23,14,9,0,0,16
"00333",image-00333.png,s,p,50,-69,-27,26,29,0,0,16
"00334",image-00334.png,s,p,50,28,11,39,62,0,0,16
"00335",image-00335.png,s,p,50,39,-91,13,38,0,0,16
"00336",image-00336.png,s,p,50,-4,64,30,50,0,0,16
"00337",image-00337.png,s,p,50,65,-41,12,21,0,0,16
"00338",image-00338.png,s,p,50,-16,-44,47,42,0,0,16
"00339",image-00339.png,s,p,50,1,-2,22,40,0,0,16
"00340",image-00340.png,s,p,50,52,-23,43,2,0,0,16
"00341",image-00341.png,s,p,50,74,16,15,26,0,0,16
"00342",image-00342.png,s,p,50,68,-49,39,44,0,0,16
"00343",image-00343.png,s,p,50,-20,79,49,59,0,0,16
"00344",image-00344.png,s,p,50,65,50,31,15,0,0,16
"00345",image-00345.png,s,p,50,64,5,2,68,0,0,16
"00346",image-00346.png,s,p,50,91,-95,6,16,0,0,16
"00347",image-00347.png,s,p,50,6,-37,29,11,0,0,16
"00348",image-00348.png,s,p,50,-68,-32,26,15,0,0,16
"00349",image-00349.png,s,p,50,87,38,44,59,0,0,16
"00350",image-00350.png,s,p,50,-65,21,47,52,0,0,16
"00351",image-00351.png,s,p,50,-55,-79,32,46,0,0,16
"00352",image-00352.png,s,p,50,-78,-53,9,8,0,0,16
"00353",image-00353.png,s,p,50,-17,-85,4,24,0,0,16
"00354",image-00354.png,s,p,50,-86,79,2,50,0,0,16
"00355",image-00355.png,s,p,50,-7,-75,27,20,0,0,16
"00356",image-00356.png,s,p,50,72,16,49,9,0,0,16
"00357",image-00357.png,s,p,50,22,-78,33,12,0,0,16
"00358",image-00358.png,s,p,50,-65,-4,9,62,0,0,16
"00359",image-00359.png,s,p,50,41,-47,17,39,0,0,16
"00360",image-00360.png,s,p,50,90,-26,8,40,0,0,16
"00361",image-00361.png,s,p,50,70,50,48,22,0,0,16
"00362",image-00362.png,s,p,50,-15,8,48,58,0,0,16
"00363",image-00363.png,s,p,50,75,-16,10,23,0,0,16
"00364",image-00364.png,s,p,50,-29,-15,11,32,0,0,16
"00365",image-00365.png,s,p,50,60,99,37,56,0,0,16
"00366",image-00366.png,s,p,50,82,95,39,25,0,0,16
"00367",image-00367.png,s,p,50,59,-58,15,51,0,0,16
"00368",image-00368.png,s,p,50,-43,-93,23,38,0,0,16
"00369",image-00369.png,s,p,50,-63,14,36,68,0,0,16
"00370",image-00370.png,s,p,50,31,9,16,34,0,0,16
"00371",image-00371.png,s,p,50,-8,-50,19,38,0,0,16
"00372",image-00372.png,s,p,50,61,30,32,37,0,0,16
"00373",image-00373.png,s,p,50,61,-27,44,28,0,0,16
"00374",image-00374.png,s,p,50,92,6,23,26,0,0,16
"00375",image-00375.png,s,p,50,61,-3,21,67,0,0,16
"00376",image-00376.png,s,p,50,82,-98,16,55,0,0,16
"00377",image-00377.png,s,p,50,-100,-79,49,32,0,0,16
"00378",image-00378.png,s,p,50,-59,67,39,70,0,0,16
"00379",image-00379.png,s,p,50,-10,44,25,3,0,0,16
"00380",image-00380.png,s,p,50,-1,4,10,22,0,0,16
"00381",image-00381.png,s,p,50,-29,-16,30,10,0,0,16
"00382",image-00382.png,s,p,50,-84,55,8,9,0,0,16
"00383",image-00383.png,s,p,50,-9,17,49,44,0,0,16
"00384",image-00384.png,s,p,50,-18,24,2,68,0,0,16
"00385",image-00385.png,s,p,50,-29,-28,4,32,0,0,16
"00386",image-00386.png,s,p,50,-14,53,31,29,0,0,16
"00387",image-00387.png,s,p,50,86,56,18,55,0,0,16
"00388",image-00388.png,s,p,50,72,-81,42,45,0,0,16
"00389",image-00389.png,s,p,50,-61,86,28,50,0,0,16
"00390",image-00390.png,s,p,50,-29,25,3,38,0,0,16
"00391",image-00391.png,s,p,50,55,70,37,28,0,0,16
"00392",image-00392.png,s,p,50,-84,-94,26,36,0,0,16
"00393",image-00393.png,s,p,50,79,34,48,50,0,0,16
"00394",image-00394.png,s,p,50,-21,42,41,63,0,0,16
"00395",image-00395.png,s,p,50,-65,-84,28,38,0,0,16
"00396",image-00396.png,s,p,50,-52,-71,17,64,0,0,16
"00397",image-00397.png,s,p,50,11,-12,8,23,0,0,16
"00398",image-00398.png,s,p,50,1,-29,47,30,0,0,16
"00399",image-00399.png,s,p,50,-62,70,34,43,0,0,16
"00400",image-00400.png,s,p,50,-9,98,3,1,0,0,16
"00401",image-00401.png,s,p,50,-92,-36,46,37,0,0,16
"00402",image-00402.png,s,p,50,50,-22,40,18,0,0,16
"00403",image-00403.png,s,p,50,50,54,32,34,0,0,16
"00404",image-00404.png,s,p,50,-91,-4,11,22,0,0,16
"00405",image-00405.png,s,p,50,89,73,41,41,0,0,16
"00406",image-00406.png,s,p,50,25,-96,2,8,0,0,16
"00407",image-00407.png,s,p,50,9,-73,10,67,0,0,16
"00408",image-00408.png,s,p,50,82,16,19,41,0,0,16
"00409",image-00409.png,s,p,50,46,-14,46,29,0,0,16
"00410",image-00410.png,s,p,50,95,73,8,69,0,0,16
"00411",image-00411.png,s,p,50,29,78,38,38,0,0,16
"00412",image-00412.png,s,p,50,20,-21,10,50,0,0,16
"00413",image-00413.png,s,p,50,-32,-48,23,29,0,0,16
"00414",image-00414.png,s,p,50,97,63,48,62,0,0,16
"00415",image-00415.png,s,p,50,-10,-96,10,22,0,0,16
"00416",image-00416.png,s,p,50,-18,-40,17,9,0,0,16
"00417",image-00417.png,s,p,50,-53,85,10,55,0,0,16
"00418",image-00418.png,s,p,50,-84,-66,36,9,0,0,16
"00419",image-00419.png,s,p,50,-42,41,29,64,0,0,16
"00420",image-00420.png,s,p,50,90,-22,20,69,0,0,16
"00421",image-00421.png,s,p,50,0,-8,49,44,0,0,16
"00422",image-00422.png,s,p,50,-84,53,20,55,0,0,16
"00423",image-00423.png,s,p,50,8,57,22,3,0,0,16
"00424",image-00424.png,s,p,50,-93,27,12,34,0,0,16
"00425",image-00425.png,s,p,50,89,91,29,14,0,0,16
"00426",image-00426.png,s,p,50,-99,-96,44,43,0,0,16
"00427",image-00427.png,s,p,50,-82,77,1,8,0,0,16
"00428",image-00428.png,s,p,50,-24,12,40,23,0,0,16
"00429",image-00429.png,s,p,50,22,-35,31,58,0,0,16
"00430",image-00430.png,s,p,50,-15,-95,32,65,0,0,16
"00431",image-00431.png,s,p,50,-58,-14,3,9,0,0,16
"00432",image-00432.png,s,p,50,37,-87,24,14,0,0,16
"00433",image-00433.png,s,p,50,67,-95,6,25,0,0,16
"00434",image-00434.png,s,p,50,95,47,43,16,0,0,16
"00435",image-00435.png,s,p,50,47,26,39,9,0,0,16
"00436",image-00436.png,s,p,50,-96,-94,50,14,0,0,16
"00437",image-00437.png,s,p,50,93,-17,49,2,0,0,16
"00438",image-00438.png,s,p,50,-54,39,43,23,0,0,16
"00439",image-00439.png,s,p,50,-20,-14,22,43,0,0,16
"00440",image-00440.png,s,p,50,84,43,28,5,0,0,16
"00441",image-00441.png,s,p,50,-99,78,1,60,0,0,16
"00442",image-00442.png,s,p,50,16,66,10,24,0,0,16
"00443",image-00443.png,s,p,50,57,-95,32,15,0,0,16
"00444",image-00444.png,s,p,50,54,-40,13,66,0,0,16
"00445",image-00445.png,s,p,50,-60,62,13,39,0,0,16
"00446",image-00446.png,s,p,50,47,-12,9,5,0,0,16
"00447",image-00447.png,s,p,50,100,-90,20,45,0,0,16
"00448",image-00448.png,s,p,50,-81,51,26,8,0,0,16
"00449",image-00449.png,s,p,50,26,49,38,12,0,0,16
"00450",image-00450.png,s,p,50,82,78,18,29,0,0,16
"00451",image-00451.png,s,p,50,22,14,36,36,0,0,16
"00452",image-00452.png,s,p,50,-12,-62,29,35,0,0,16
"00453",image-00453.png,s,p,50,26,73,14,27,0,0,16
"00454",image-00454.png,s,p,50,19,63,40,65,0,0,16
"00455",image-00455.png,s,p,50,32,5,11,47,0,0,16
"00456",image-00456.png,s,p,50,-43,-15,22,25,0,0,16
"00457",image-00457.png,s,p,50,34,68,33,16,0,0,16
"00458",image-00458.png,s,p,50,87,67,50,58,0,0,16
"00459",image-00459.png,s,p,50,17,-38,26,9,0,0,16
"00460",image-00460.png,s,p,50,28,-34,32,4,0,0,16
"00461",image-00461.png,s,p,50,-49,73,6,35,0,0,16
"00462",image-00462.png,s,p,50,58,76,46,55,0,0,16
"00463",image-00463.png,s,p,50,-89,52,38,52,0,0,16
"00464",image-00464.png,s,p,50,7,78,21,59,0,0,16
"00465",image-00465.png,s,p,50,-72,17,26,59,0,0,16
"00466",image-00466.png,s,p,50,24,74,17,69,0,0,16
"00467",image-00467.png,s,p,50,-34,5,10,4,0,0,16
"00468",image-00468.png,s,p,50,-74,36,50,52,0,0,16
"00469",image-00469.png,s,p,50,92,-11,12,8,0,0,16
"00470",image-00470.png,s,p,50,-47,-75,16,35,0,0,16
"00471",image-00471.png,s,p,50,-1,-87,18,35,0,0,16
"00472",image-00472.png,s,p,50,-65,-1,33,42,0,0,16
"00473",image-00473.png,s,p,50,-99,85,45,61,0,0,16
"00474",image-00474.png,s,p,50,17,9,41,50,0,0,16
"00475",image-00475.png,s,p,50,80,8,41,62,0,0,16
"00476",image-00476.png,s,p,50,-81,60,44,56,0,0,16
"00477",image-00477.png,s,p,50,-5,84,34,56,0,0,16
"00478",image-00478.png,s,p,50,-35,-98,29,55,0,0,16
"00479",image-00479.png,s,p,50,-42,44,13,38,0,0,16
"00480",image-00480.png,s,p,50,-91,-80,15,31,0,0,16
"00481",image-00481.png,s,p,50,57,64,30,47,0,0,16
"00482",image-00482.png,s,p,50,-24,79,33,47,0,0,16
"00483",image-00483.png,s,p,50,-13,76,37,60,0,0,16
"00484",image-00484.png,s,p,50,-79,89,17,52,0,0,16
"00485",image-00485.png,s,p,50,84,-40,28,30,0,0,16
"00486",image-00486.png,s,p,50,-81,-22,10,68,0,0,16
"00487",image-00487.png,s,p,50,-31,19,23,10,0,0,16
"00488",image-00488.png,s,p,50,-84,19,15,57,0,0,16
"00489",image-00489.png,s,p,50,-85,22,34,55,0,0,16
"00490",image-00490.png,s,p,50,67,-44,39,8,0,0,16
"00491",image-00491.png,s,p,50,57,92,29,63,0,0,16
"00492",image-00492.png,s,p,50,20,-52,14,21,0,0,16
"00493",image-00493.png,s,p,50,-88,76,37,15,0,0,16
"00494",image-00494.png,s,p,50,27,68,34,14,0,0,16
"00495",image-00495.png,s,p,50,88,65,42,35,0,0,16
"00496",image-00496.png,s,p,50,64,-69,49,44,0,0,16
"00497",image-00497.png,s,p,50,-18,-68,2,11,0,0,16
"00498",image-00498.png,s,p,50,36,-70,21,49,0,0,16
"00499",image-00499.png,s,p,50,-87,-11,6,43,0,0,16
"00500",image-00500.png,s,p,50,-43,-62,26,12,0,0,16
"00501",image-00501.png,s,p,50,9,-3,9,11,0,0,16
"00502",image-00502.png,s,p,50,-48,-79,29,68,0,0,16
"00503",image-00503.png,s,p,50,61,32,41,43,0,0,16
"00504",image-00504.png,s,p,50,75,31,15,35,0,0,16
"00505",image-00505.png,s,p,50,75,-95,7,58,0,0,16
"00506",image-00506.png,s,p,50,16,-79,24,37,0,0,16
"00507",image-00507.png,s,p,50,29,-65,28,59,0,0,16
"00508",image-00508.png,s,p,50,40,-57,48,23,0,0,16
"00509",image-00509.png,s,p,50,-98,66,37,26,0,0,16
"00510",image-00510.png,s,p,50,30,-100,31,37,0,0,16
"00511",image-00511.png,s,p,50,64,27,37,5,0,0,16
"00512",image-00512.png,s,p,50,56,-85,9,48,0,0,16
"00513",image-00513.png,s,p,50,24,-89,10,43,0,0,16
"00514",image-00514.png,s,p,50,-34,18,31,26,0,0,16
"00515",image-00515.png,s,p,50,69,-66,23,19,0,0,16
"00516",image-00516.png,s,p,50,-66,-60,29,1,0,0,16
"00517",image-00517.png,s,p,50,-21,85,7,4,0,0,16
"00518",image-00518.png,s,p,50,32,-30,25,1,0,0,16
"00519",image-00519.png,s,p,50,-12,73,34,35,0,0,16
"00520",image-00520.png,s,p,50,-73,47,8,39,0,0,16
"00521",image-00521.png,s,p,50,64,32,34,45,0,0,16
"00522",image-00522.png,s,p,50,14,37,7,49,0,0,16
"00523",image-00523.png,s,p,50,-85,-24,15,57,0,0,16
"00524",image-00524.png,s,p,50,-36,-37,12,32,0,0,16
"00525",image-00525.png,s,p,50,78,42,17,23,0,0,16
"00526",image-00526.png,s,p,50,-28,69,41,26,0,0,16
"00527",image-00527.png,s,p,50,45,-45,5,37,0,0,16
"00528",image-00528.png,s,p,50,23,12,17,61,0,0,16
"00529",image-00529.png,s,p,50,-4,-52,38,10,0,0,16
"00530",image-00530.png,s,p,50,-97,-54,41,49,0,0,16
"00531",image-00531.png,s,p,50,-73,94,18,3,0,0,16
"00532",image-00532.png,s,p,50,-97,87,39,38,0,0,16
"00533",image-00533.png,s,p,50,-65,-27,6,58,0,0,16
"00534",image-00534.png,s,p,50,15,-30,13,62,0,0,16
"00535",image-00535.png,s,p,50,71,68,18,12,0,0,16
"00536",image-00536.png,s,p,50,67,-61,42,44,0,0,16
"00537",image-00537.png,s,p,50,2,-20,45,41,0,0,16
"00538",image-00538.png,s,p,50,-73,81,2,25,0,0,16
"00539",image-00539.png,s,p,50,85,-26,41,5,0,0,16
"00540",image-00540.png,s,p,50,4,-43,30,35,0,0,16
"00541",image-00541.png,s,p,50,-16,-42,13,18,0,0,16
"00542",image-00542.png,s,p,50,-46,54,3,2,0,0,16
"00543",image-00543.png,s,p,50,61,79,2,51,0,0,16
"00544",image-00544.png,s,p,50,-79,-38,43,10,0,0,16
"00545",image-00545.png,s,p,50,-62,-24,43,1,0,0,16
"00546",image-00546.png,s,p,50,15,-65,13,28,0,0,16
"00547",image-00547.png,s,p,50,-28,-69,37,65,0,0,16
"00548",image-00548.png,s,p,50,4,-89,19,11,0,0,16
"00549",image-00549.png,s,p,50,64,-60,38,40,0,0,16
"00550",image-00550.png,s,p,50,-57,63,12,69,0,0,16
"00551",image-00551.png,s,p,50,28,70,26,43,0,0,16
"00552",image-00552.png,s,p,50,63,10,2,30,0,0,16
"00553",image-00553.png,s,p,50,67,-40,19,14,0,0,16
"00554",image-00554.png,s,p,50,65,64,42,35,0,0,16
"00555",image-00555.png,s,p,50,-23,-92,33,39,0,0,16
"00556",image-00556.png,s,p,50,-17,39,32,18,0,0,16
"00557",image-00557.png,s,p,50,-9,-41,22,44,0,0,16
"00558",image-00558.png,s,p,50,-22,20,42,33,0,0,16
"00559",image-00559.png,s,p,50,22,9,6,43,0,0,16
"00560",image-00560.png,s,p,50,49,99,37,11,0,0,16
"00561",image-00561.png,s,p,50,-1,81,32,44,0,0,16
"00562",image-00562.png,s,p,50,44,-4,24,63,0,0,16
"00563",image-00563.png,s,p,50,60,81,43,67,0,0,16
"00564",image-00564.png,s,p,50,87,-22,14,32,0,0,16
"00565",image-00565.png,s,p,50,62,-92,6,68,0,0,16
"00566",image-00566.png,s,p,50,29,-65,6,53,0,0,16
"00567",image-00567.png,s,p,50,-9,-99,29,27,0,0,16
"00568",image-00568.png,s,p,50,38,99,45,31,0,0,16
"00569",image-00569.png,s,p,50,-70,15,46,42,0,0,16
"00570",image-00570.png,s,p,50,21,-96,30,25,0,0,16
"00571",image-00571.png,s,p,50,-3,-59,17,9,0,0,16
"00572",image-00572.png,s,p,50,-12,-26,12,10,0,0,16
"00573",image-00573.png,s,p,50,42,64,31,39,0,0,16
"00574",image-00574.png,s,p,50,-87,-67,14,20,0,0,16
"00575",image-00575.png,s,p,50,15,26,19,42,0,0,16
"00576",image-00576.png,s,p,50,85,66,21,27,0,0,16
"00577",image-00577.png,s,p,50,40,44,20,52,0,0,16
"00578",image-00578.png,s,p,50,-54,-12,42,64,0,0,16
"00579",image-00579.png,s,p,50,-7,-47,24,27,0,0,16
"00580",image-00580.png,s,p,50,-53,-65,22,31,0,0,16
"00581",image-00581.png,s,p,50,43,97,48,33,0,0,16
"00582",image-00582.png,s,p,50,45,27,36,49,0,0,16
"00583",image-00583.png,s,p,50,1,-72,7,61,0,0,16
"00584",image-00584.png,s,p,50,0,-8,10,46,0,0,16
"00585",image-00585.png,s,p,50,-67,62,50,27,0,0,16
"00586",image-00586.png,s,p,50,27,38,32,38,0,0,16
"00587",image-00587.png,s,p,50,9,-31,39,48,0,0,16
"00588",image-00588.png,s,p,50,-38,75,4,52,0,0,16
"00589",image-00589.png,s,p,50,64,6,25,18,0,0,16
"00590",image-00590.png,s,p,50,100,-54,15,13,0,0,16
"00591",image-00591.png,s,p,50,35,100,41,57,0,0,16
"00592",image-00592.png,s,p,50,13,-10,49,30,0,0,16
"00593",image-00593.png,s,p,50,64,20,37,50,0,0,16
"00594",image-00594.png,s,p,50,-2,-1,15,19,0,0,16
"00595",image-00595.png,s,p,50,46,-34,38,53,0,0,16
"00596",image-00596.png,s,p,50,65,-17,42,19,0,0,16
"00597",image-00597.png,s,p,50,43,7,6,2,0,0,16
"00598",image-00598.png,s,p,50,-52,17,38,36,0,0,16
"00599",image-00599.png,s,p,50,78,-29,10,35,0,0,16
"00600",image-00600.png,s,p,50,93,-47,35,21,0,0,16
"00601",image-00601.png,s,p,50,-86,-42,26,28,0,0,16
"00602",image-00602.png,s,p,50,93,64,7,16,0,0,16
"00603",image-00603.png,s,p,50,49,45,20,63,0,0,16
"00604",image-00604.png,s,p,50,-97,78,19,49,0,0,16
"00605",image-00605.png,s,p,50,-7,99,28,11,0,0,16
"00606",image-00606.png,s,p,50,72,-15,39,47,0,0,16
"00607",image-00607.png,s,p,50,-58,-44,36,59,0,0,16
"00608",image-00608.png,s,p,50,35,55,26,3,0,0,16
"00609",image-00609.png,s,p,50,10,97,39,67,0,0,16
"00610",image-00610.png,s,p,50,-82,66,23,37,0,0,16
"00611",image-00611.png,s,p,50,51,-99,48,19,0,0,16
"00612",image-00612.png,s,p,50,1,-22,49,43,0,0,16
"00613",image-00613.png,s,p,50,-50,5,25,20,0,0,16
"00614",image-00614.png,s,p,50,-44,-65,25,39,0,0,16
"00615",image-00615.png,s,p,50,80,-49,8,68,0,0,16
"00616",image-00616.png,s,p,50,-32,-39,32,62,0,0,16
"00617",image-00617.png,s,p,50,1,58,46,44,0,0,16
"00618",image-00618.png,s,p,50,-80,-77,30,36,0,0,16
"00619",image-00619.png,s,p,50,84,54,33,68,0,0,16
"00620",image-00620.png,s,p,50,64,-66,29,4,0,0,16
"00621",image-00621.png,s,p,50,-92,28,6,47,0,0,16
"00622",image-00622.png,s,p,50,-13,-39,15,19,0,0,16
"00623",image-00623.png,s,p,50,-47,-30,19,58,0,0,16
"00624",image-00624.png,s,p,50,-42,-57,19,53,0,0,16
"00625",image-00625.png,s,p,50,90,-57,28,68,0,0,16
"00626",image-00626.png,s,p,50,-69,95,48,35,0,0,16
"00627",image-00627.png,s,p,50,-17,-34,34,29,0,0,16
"00628",image-00628.png,s,p,50,45,-56,43,24,0,0,16
"00629",image-00629.png,s,p,50,72,-92,45,64,0,0,16
"00630",image-00630.png,s,p,50,-21,-62,45,12,0,0,16
"00631",image-00631.png,s,p,50,6,-79,10,54,0,0,16
"00632",image-00632.png,s,p,50,78,3,26,14,0,0,16
"00633",image-00633.png,s,p,50,71,4,4,21,0,0,16
"00634",image-00634.png,s,p,50,-61,75,32,9,0,0,16
"00635",image-00635.png,s,p,50,-55,-80,22,62,0,0,16
"00636",image-00636.png,s,p,50,30,91,20,8,0,0,16
"00637",image-00637.png,s,p,50,-20,-39,28,26,0,0,16
"00638",image-00638.png,s,p,50,5,-94,23,67,0,0,16
"00639",image-00639.png,s,p,50,-10,8,17,67,0,0,16
"00640",image-00640.png,s,p,50,-21,5,36,24,0,0,16
"00641",image-00641.png,s,p,50,52,46,34,60,0,0,16
"00642",image-00642.png,s,p,50,86,88,1,14,0,0,16
"00643",image-00643.png,s,p,50,-15,-3,12,63,0,0,16
"00644",image-00644.png,s,p,50,81,-71,43,36,0,0,16
"00645",image-00645.png,s,p,50,42,-38,2,16,0,0,16
"00646",image-00646.png,s,p,50,30,-7,27,42,0,0,16
"00647",image-00647.png,s,p,50,83,-51,24,32,0,0,16
"00648",image-00648.png,s,p,50,3,-79,18,5,0,0,16
"00649",image-00649.png,s,p,50,-25,67,38,30,0,0,16
"00650",image-00650.png,s,p,50,21,82,10,64,0,0,16
"00651",image-00651.png,s,p,50,27,77,34,26,0,0,16
"00652",image-00652.png,s,p,50,-54,-20,20,24,0,0,16
"00653",image-00653.png,s,p,50,81,-48,27,19,0,0,16
"00654",image-00654.png,s,p,50,-100,32,48,17,0,0,16
"00655",image-00655.png,s,p,50,-47,34,11,48,0,0,16
"00656",image-00656.png,s,p,50,-33,75,30,22,0,0,16
"00657",image-00657.png,s,p,50,-70,52,23,23,0,0,16
"00658",image-00658.png,s,p,50,89,-31,15,42,0,0,16
"00659",image-00659.png,s,p,50,99,97,22,22,0,0,16
"00660",image-00660.png,s,p,50,49,-91,11,34,0,0,16
"00661",image-00661.png,s,p,50,89,-76,24,26,0,0,16
"00662",image-00662.png,s,p,50,-71,76,20,1,0,0,16
"00663",image-00663.png,s,p,50,-13,-82,50,29,0,0,16
"00664",image-00664.png,s,p,50,-65,-47,34,13,0,0,16
"00665",image-00665.png,s,p,50,97,62,43,27,0,0,16
"00666",image-00666.png,s,p,50,-43,41,37,2,0,0,16
"00667",image-00667.png,s,p,50,-61,-29,17,66,0,0,16
"00668",image-00668.png,s,p,50,-74,42,1,3,0,0,16
"00669",image-00669.png,s,p,50,45,-82,30,68,0,0,16
"00670",image-00670.png,s,p,50,7,-43,31,41,0,0,16
"00671",image-00671.png,s,p,50,-67,2,9,28,0,0,16
"00672",image-00672.png,s,p,50,-67,29,24,51,0,0,16
"00673",image-00673.png,s,p,50,-58,93,28,56,0,0,16
"00674",image-00674.png,s,p,50,-89,56,47,47,0,0,16
"00675",image-00675.png,s,p,50,76,3,13,9,0,0,16
"00676",image-00676.png,s,p,50,99,62,7,54,0,0,16
"00677",image-00677.png,s,p,50,33,47,49,44,0,0,16
"00678",image-00678.png,s,p,50,1,52,12,57,0,0,16
"00679",image-00679.png,s,p,50,24,-68,50,40,0,0,16
"00680",image-00680.png,s,p,50,-81,85,46,63,0,0,16
"00681",image-00681.png,s,p,50,-10,-23,21,45,0,0,16
"00682",image-00682.png,s,p,50,29,16,43,37,0,0,16
"00683",image-00683.png,s,p,50,35,-53,10,7,0,0,16
"00684",image-00684.png,s,p,50,26,-62,47,60,0,0,16
"00685",image-00685.png,s,p,50,43,85,26,57,0,0,16
"00686",image-00686.png,s,p,50,-86,2,48,37,0,0,16
"00687",image-00687.png,s,p,50,79,10,6,26,0,0,16
"00688",image-00688.png,s,p,50,83,-60,25,69,0,0,16
"00689",image-00689.png,s,p,50,-78,-20,30,27,0,0,16
"00690",image-00690.png,s,p,50,-29,-58,23,9,0,0,16
"00691",image-00691.png,s,p,50,62,-41,47,15,0,0,16
"00692",image-00692.png,s,p,50,65,77,44,53,0,0,16
"00693",image-00693.png,s,p,50,58,56,40,46,0,0,16
"00694",image-00694.png,s,p,50,-73,32,40,16,0,0,16
"00695",image-00695.png,s,p,50,-12,68,1,48,0,0,16
"00696",image-00696.png,s,p,50,-78,29,26,11,0,0,16
"00697",image-00697.png,s,p,50,-86,-11,27,35,0,0,16
"00698",image-00698.png,s,p,50,-84,92,22,49,0,0,16
"00699",image-00699.png,s,p,50,-11,-97,28,42,0,0,16
"00700",image-00700.png,s,p,50,27,21,23,42,0,0,16
"00701",image-00701.png,s,p,50,79,82,12,50,0,0,16
"00702",image-00702.png,s,p,50,-33,97,33,32,0,0,16
"00703",image-00703.png,s,p,50,42,-29,31,12,0,0,16
"00704",image-00704.png,s,p,50,-90,81,28,1,0,0,16
"00705",image-00705.png,s,p,50,95,-41,15,2,0,0,16
"00706",image-00706.png,s,p,50,43,13,38,19,0,0,16
"00707",image-00707.png,s,p,50,45,-72,13,53,0,0,16
"00708",image-00708.png,s,p,50,-54,8,27,65,0,0,16
"00709",image-00709.png,s,p,50,27,30,45,7,0,0,16
"00710",image-00710.png,s,p,50,-51,-42,18,49,0,0,16
"00711",image-00711.png,s,p,50,-80,-62,11,67,0,0,16
"00712",image-00712.png,s,p,50,100,2,38,21,0,0,16
"00713",image-00713.png,s,p,50,77,46,32,30,0,0,16
"00714",image-00714.png,s,p,50,-43,58,24,14,0,0,16
"00715",image-00715.png,s,p,50,-84,-67,29,51,0,0,16
"00716",image-00716.png,s,p,50,6,-44,45,39,0,0,16
"00717",image-00717.png,s,p,50,-90,55,35,33,0,0,16
"00718",image-00718.png,s,p,50,22,-74,20,36,0,0,16
"00719",image-00719.png,s,p,50,-65,-58,43,29,0,0,16
"00720",image-00720.png,s,p,50,-73,-28,27,19,0,0,16
"00721",image-00721.png,s,p,50,31,26,48,27,0,0,16
"00722",image-00722.png,s,p,50,29,1,41,69,0,0,16
"00723",image-00723.png,s,p,50,74,-50,6,65,0,0,16
"00724",image-00724.png,s,p,50,-15,-82,46,55,0,0,16
"00725",image-00725.png,s,p,50,22,67,10,4,0,0,16
"00726",image-00726.png,s,p,50,0,48,27,3,0,0,16
"00727",image-00727.png,s,p,50,28,18,24,17,0,0,16
"00728",image-00728.png,s,p,50,-5,-56,19,18,0,0,16
"00729",image-00729.png,s,p,50,6,9,41,55,0,0,16
"00730",image-00730.png,s,p,50,95,92,5,13,0,0,16
"00731",image-00731.png,s,p,50,78,86,3,48,0,0,16
"00732",image-00732.png,s,p,50,59,-44,1,9,0,0,16
"00733",image-00733.png,s,p,50,60,-74,12,25,0,0,16
"00734",image-00734.png,s,p,50,-4,-59,17,18,0,0,16
"00735",image-00735.png,s,p,50,1,-7,23,36,0,0,16
"00736",image-00736.png,s,p,50,64,14,3,37,0,0,16
"00737",image-00737.png,s,p,50,-89,60,32,50,0,0,16
"00738",image-00738.png,s,p,50,-42,79,9,21,0,0,16
"00739",image-00739.png,s,p,50,-68,-79,11,60,0,0,16
"00740",image-00740.png,s,p,50,-96,-75,24,45,0,0,16
"00741",image-00741.png,s,p,50,31,96,3,69,0,0,16
"00742",image-00742.png,s,p,50,-40,93,7,59,0,0,16
"00743",image-00743.png,s,p,50,88,88,31,17,0,0,16
"00744",image-00744.png,s,p,50,-87,-2,2,19,0,0,16
"00745",image-00745.png,s,p,50,-42,-36,22,1,0,0,16
"00746",image-00746.png,s,p,50,-17,-43,27,32,0,0,16
"00747",image-00747.png,s,p,50,-28,30,6,32,0,0,16
"00748",image-00748.png,s,p,50,-55,-28,35,5,0,0,16
"00749",image-00749.png,s,p,50,-7,-31,45,50,0,0,16
"00750",image-00750.png,s,p,50,70,69,10,28,0,0,16
"00751",image-00751.png,s,p,50,89,-39,29,46,0,0,16
"00752",image-00752.png,s,p,50,-87,-84,37,28,0,0,16
"00753",image-00753.png,s,p,50,-91,55,37,3,0,0,16
"00754",image-00754.png,s,p,50,-19,-64,21,66,0,0,16
"00755",image-00755.png,s,p,50,-37,-22,39,70,0,0,16
"00756",image-00756.png,s,p,50,-77,51,10,28,0,0,16
"00757",image-00757.png,s,p,50,58,-20,11,62,0,0,16
"00758",image-00758.png,s,p,50,63,11,18,55,0,0,16
"00759",image-00759.png,s,p,50,-55,7,44,21,0,0,16
"00760",image-00760.png,s,p,50,-63,87,16,20,0,0,16
"00761",image-00761.png,s,p,50,26,-44,12,38,0,0,16
"00762",image-00762.png,s,p,50,32,69,14,52,0,0,16
"00763",image-00763.png,s,p,50,-19,74,14,13,0,0,16
"00764",image-00764.png,s,p,50,-10,-91,40,32,0,0,16
"00765",image-00765.png,s,p,50,-29,47,33,56,0,0,16
"00766",image-00766.png,s,p,50,-21,53,22,52,0,0,16
"00767",image-00767.png,s,p,50,97,-38,46,39,0,0,16
"00768",image-00768.png,s,p,50,-51,-83,29,65,0,0,16
"00769",image-00769.png,s,p,50,-89,99,6,67,0,0,16
"00770",image-00770.png,s,p,50,-92,-58,18,13,0,0,16
"00771",image-00771.png,s,p,50,-59,-41,20,65,0,0,16
"00772",image-00772.png,s,p,50,-36,92,1,30,0,0,16
"00773",image-00773.png,s,p,50,-96,8,50,64,0,0,16
"00774",image-00774.png,s,p,50,55,95,7,26,0,0,16
"00775",image-00775.png,s,p,50,-40,-74,23,46,0,0,16
"00776",image-00776.png,s,p,50,21,7,25,13,0,0,16
"00777",image-00777.png,s,p,50,0,71,15,6,0,0,16
"00778",image-00778.png,s,p,50,-13,-41,21,59,0,0,16
"00779",image-00779.png,s,p,50,18,24,1,63,0,0,16
"00780",image-00780.png,s,p,50,-40,-54,47,6,0,0,16
"00781",image-00781.png,s,p,50,8,-19,46,62,0,0,16
"00782",image-00782.png,s,p,50,-91,86,44,4,0,0,16
"00783",image-00783.png,s,p,50,53,55,2,40,0,0,16
"00784",image-00784.png,s,p,50,52,-34,44,24,0,0,16
"00785",image-00785.png,s,p,50,96,-34,25,31,0,0,16
"00786",image-00786.png,s,p,50,25,61,36,66,0,0,16
"00787",image-00787.png,s,p,50,47,-93,49,29,0,0,16
"00788",image-00788.png,s,p,50,-63,-42,1,12,0,0,16
"00789",image-00789.png,s,p,50,85,0,31,36,0,0,16
"00790",image-00790.png,s,p,50,30,5,39,65,0,0,16
"00791",image-00791.png,s,p,50,-46,49,39,22,0,0,16
"00792",image-00792.png,s,p,50,-99,-23,12,3,0,0,16
"00793",image-00793.png,s,p,50,56,9,21,49,0,0,16
"00794",image-00794.png,s,p,50,-87,-92,2,38,0,0,16
"00795",image-00795.png,s,p,50,-44,2,18,49,0,0,16
"00796",image-00796.png,s,p,50,73,-72,45,29,0,0,16
"00797",image-00797.png,s,p,50,60,-71,15,61,0,0,16
"00798",image-00798.png,s,p,50,-87,-15,36,11,0,0,16
"00799",image-00799.png,s,p,50,-80,-47,44,63,0,0,16
"00800",image-00800.png,s,p,50,-78,67,29,6,0,0,16
"00801",image-00801.png,s,p,50,-76,68,43,18,0,0,16
"00802",image-00802.png,s,p,50,-48,-99,1,11,0,0,16
"00803",image-00803.png,s,p,50,43,-38,36,40,0,0,16
"00804",image-00804.png,s,p,50,-46,43,1,18,0,0,16
"00805",image-00805.png,s,p,50,-38,69,24,20,0,0,16
"00806",image-00806.png,s,p,50,-15,77,11,26,0,0,16
"00807",image-00807.png,s,p,50,-18,16,21,57,0,0,16
"00808",image-00808.png,s,p,50,88,-90,12,14,0,0,16
"00809",image-00809.png,s,p,50,-41,22,20,3,0,0,16
"00810",image-00810.png,s,p,50,-81,-91,2,62,0,0,16
"00811",image-00811.png,s,p,50,31,-13,15,57,0,0,16
"00812",image-00812.png,s,p,50,87,-29,50,38,0,0,16
"00813",image-00813.png,s,p,50,16,5,20,38,0,0,16
"00814",image-00814.png,s,p,50,50,75,40,13,0,0,16
"00815",image-00815.png,s,p,50,-96,-7,14,12,0,0,16
"00816",image-00816.png,s,p,50,1,12,4,26,0,0,16
"00817",image-00817.png,s,p,50,37,-61,15,17,0,0,16
"00818",image-00818.png,s,p,50,-74,-12,40,29,0,0,16
"00819",image-00819.png,s,p,50,77,-86,30,26,0,0,16
"00820",image-00820.png,s,p,50,51,-88,24,2,0,0,16
"00821",image-00821.png,s,p,50,60,84,40,3,0,0,16
"00822",image-00822.png,s,p,50,-41,1,25,8,0,0,16
"00823",image-00823.png,s,p,50,-59,-25,26,65,0,0,16
"00824",image-00824.png,s,p,50,-95,-43,39,41,0,0,16
"00825",image-00825.png,s,p,50,72,-40,37,31,0,0,16
"00826",image-00826.png,s,p,50,6,-80,46,37,0,0,16
"00827",image-00827.png,s,p,50,-22,-83,50,59,0,0,16
"00828",image-00828.png,s,p,50,70,54,28,40,0,0,16
"00829",image-00829.png,s,p,50,8,-93,4,19,0,0,16
"00830",image-00830.png,s,p,50,30,23,46,32,0,0,16
"00831",image-00831.png,s,p,50,-11,-47,14,54,0,0,16
"00832",image-00832.png,s,p,50,44,56,6,60,0,0,16
"00833",image-00833.png,s,p,50,-74,-55,11,2,0,0,16
"00834",image-00834.png,s,p,50,-15,64,50,53,0,0,16
"00835",image-00835.png,s,p,50,49,-67,27,40,0,0,16
"00836",image-00836.png,s,p,50,88,78,26,17,0,0,16
"00837",image-00837.png,s,p,50,-31,-100,4,18,0,0,16
"00838",image-00838.png,s,p,50,-49,52,18,49,0,0,16
"00839",image-00839.png,s,p,50,-24,10,43,56,0,0,16
"00840",image-00840.png,s,p,50,-62,-52,36,57,0,0,16
"00841",image-00841.png,s,p,50,61,2,39,9,0,0,16
"00842",image-00842.png,s,p,50,-75,94,32,18,0,0,16
"00843",image-00843.png,s,p,50,43,-7,46,1,0,0,16
"00844",image-00844.png,s,p,50,67,-3,4,8,0,0,16
"00845",image-00845.png,s,p,50,2,-54,22,42,0,0,16
"00846",image-00846.png,s,p,50,19,9,34,36,0,0,16
"00847",image-00847.png,s,p,50,-15,-89,38,44,0,0,16
"00848",image-00848.png,s,p,50,-32,60,7,7,0,0,16
"00849",image-00849.png,s,p,50,75,51,31,2,0,0,16
"00850",image-00850.png,s,p,50,24,28,1,45,0,0,16
"00851",image-00851.png,s,p,50,-42,60,34,44,0,0,16
"00852",image-00852.png,s,p,50,41,-73,5,3,0,0,16
"00853",image-00853.png,s,p,50,-66,-7,43,9,0,0,16
"00854",image-00854.png,s,p,50,-17,-2,37,55,0,0,16
"00855",image-00855.png,s,p,50,-88,-17,16,45,0,0,16
"00856",image-00856.png,s,p,50,-69,95,2,37,0,0,16
"00857",image-00857.png,s,p,50,-63,-29,6,22,0,0,16
"00858",image-00858.png,s,p,50,15,-87,16,18,0,0,16
"00859",image-00859.png,s,p,50,16,-22,41,28,0,0,16
"00860",image-00860.png,s,p,50,0,68,43,59,0,0,16
"00861",image-00861.png,s,p,50,-52,-13,41,66,0,0,16
"00862",image-00862.png,s,p,50,-80,-26,38,46,0,0,16
"00863",image-00863.png,s,p,50,49,-93,50,39,0,0,16
"00864",image-00864.png,s,p,50,-41,5,13,8,0,0,16
"00865",image-00865.png,s,p,50,-82,61,36,20,0,0,16
"00866",image-00866.png,s,p,50,-93,75,29,57,0,0,16
"00867",image-00867.png,s,p,50,51,21,39,19,0,0,16
"00868",image-00868.png,s,p,50,-12,23,30,50,0,0,16
"00869",image-00869.png,s,p,50,-18,57,27,19,0,0,16
"00870",image-00870.png,s,p,50,45,49,45,8,0,0,16
"00871",image-00871.png,s,p,50,-1,-41,14,33,0,0,16
"00872",image-00872.png,s,p,50,-30,59,15,7,0,0,16
"00873",image-00873.png,s,p,50,10,64,25,15,0,0,16
"00874",image-00874.png,s,p,50,-12,35,25,20,0,0,16
"00875",image-00875.png,s,p,50,-69,-36,40,7,0,0,16
"00876",image-00876.png,s,p,50,95,82,38,47,0,0,16
"00877",image-00877.png,s,p,50,-55,49,46,70,0,0,16
"00878",image-00878.png,s,p,50,-62,-16,26,1,0,0,16
"00879",image-00879.png,s,p,50,10,-81,6,20,0,0,16
"00880",image-00880.png,s,p,50,14,-60,27,3,0,0,16
"00881",image-00881.png,s,p,50,22,46,25,66,0,0,16
"00882",image-00882.png,s,p,50,16,-60,13,42,0,0,16
"00883",image-00883.png,s,p,50,-31,23,22,45,0,0,16
"00884",image-00884.png,s,p,50,16,52,30,3,0,0,16
"00885",image-00885.png,s,p,50,-50,-58,34,67,0,0,16
"00886",image-00886.png,s,p,50,-19,-12,8,15,0,0,16
"00887",image-00887.png,s,p,50,-58,-66,9,1,0,0,16
"00888",image-00888.png,s,p,50,26,-50,16,17,0,0,16
"00889",image-00889.png,s,p,50,45,92,23,41,0,0,16
"00890",image-00890.png,s,p,50,-1,66,39,44,0,0,16
"00891",image-00891.png,s,p,50,83,6,16,33,0,0,16
"00892",image-00892.png,s,p,50,92,-62,28,64,0,0,16
"00893",image-00893.png,s,p,50,-96,74,23,15,0,0,16
"00894",image-00894.png,s,p,50,-97,-30,47,16,0,0,16
"00895",image-00895.png,s,p,50,-74,-65,11,29,0,0,16
"00896",image-00896.png,s,p,50,-16,-83,31,20,0,0,16
"00897",image-00897.png,s,p,50,17,3,4,53,0,0,16
"00898",image-00898.png,s,p,50,35,53,49,1,0,0,16
"00899",image-00899.png,s,p,50,6,-43,34,70,0,0,16
"00900",image-00900.png,s,p,50,79,90,10,45,0,0,16
"00901",image-00901.png,s,p,50,-80,-58,14,12,0,0,16
"00902",image-00902.png,s,p,50,-63,27,11,3,0,0,16
"00903",image-00903.png,s,p,50,-93,-77,8,63,0,0,16
"00904",image-00904.png,s,p,50,-46,30,35,57,0,0,16
"00905",image-00905.png,s,p,50,21,46,32,42,0,0,16
"00906",image-00906.png,s,p,50,67,-75,44,68,0,0,16
"00907",image-00907.png,s,p,50,-36,36,10,4,0,0,16
"00908",image-00908.png,s,p,50,-51,-68,5,67,0,0,16
"00909",image-00909.png,s,p,50,61,-83,14,41,0,0,16
"00910",image-00910.png,s,p,50,-34,-53,47,43,0,0,16
"00911",image-00911.png,s,p,50,66,99,42,58,0,0,16
"00912",image-00912.png,s,p,50,78,1,42,43,0,0,16
"00913",image-00913.png,s,p,50,22,28,32,49,0,0,16
"00914",image-00914.png,s,p,50,-74,-71,21,11,0,0,16
"00915",image-00915.png,s,p,50,-14,38,19,61,0,0,16
"00916",image-00916.png,s,p,50,52,-57,10,30,0,0,16
"00917",image-00917.png,s,p,50,24,98,46,61,0,0,16
"00918",image-00918.png,s,p,50,23,-66,3,29,0,0,16
"00919",image-00919.png,s,p,50,-55,82,16,32,0,0,16
"00920",image-00920.png,s,p,50,-54,23,27,3,0,0,16
"00921",image-00921.png,s,p,50,-88,-52,23,38,0,0,16
"00922",image-00922.png,s,p,50,-31,71,26,66,0,0,16
"00923",image-00923.png,s,p,50,-90,-40,33,67,0,0,16
"00924",image-00924.png,s,p,50,-12,-76,28,5,0,0,16
"00925",image-00925.png,s,p,50,96,-92,11,57,0,0,16
"00926",image-00926.png,s,p,50,31,65,25,44,0,0,16
"00927",image-00927.png,s,p,50,-9,65,28,7,0,0,16
"00928",image-00928.png,s,p,50,48,-29,43,15,0,0,16
"00929",image-00929.png,s,p,50,89,78,9,23,0,0,16
"00930",image-00930.png,s,p,50,-87,62,9,39,0,0,16
"00931",image-00931.png,s,p,50,-68,79,5,12,0,0,16
"00932",image-00932.png,s,p,50,-33,97,5,42,0,0,16
"00933",image-00933.png,s,p,50,61,14,47,20,0,0,16
"00934",image-00934.png,s,p,50,-84,51,15,12,0,0,16
"00935",image-00935.png,s,p,50,71,-40,37,51,0,0,16
"00936",image-00936.png,s,p,50,28,-59,8,57,0,0,16
"00937",image-00937.png,s,p,50,-57,-2,35,9,0,0,16
"00938",image-00938.png,s,p,50,-88,43,10,7,0,0,16
"00939",image-00939.png,s,p,50,-45,67,31,60,0,0,16
"00940",image-00940.png,s,p,50,-8,-12,10,47,0,0,16
"00941",image-00941.png,s,p,50,-89,-54,1,69,0,0,16
"00942",image-00942.png,s,p,50,19,81,26,39,0,0,16
"00943",image-00943.png,s,p,50,-3,-52,5,22,0,0,16
"00944",image-00944.png,s,p,50,-20,69,23,21,0,0,16
"00945",image-00945.png,s,p,50,-6,-5,9,28,0,0,16
"00946",image-00946.png,s,p,50,3,18,38,16,0,0,16
"00947",image-00947.png,s,p,50,-32,-34,36,35,0,0,16
"00948",image-00948.png,s,p,50,-79,69,11,7,0,0,16
"00949",image-00949.png,s,p,50,70,30,5,23,0,0,16
"00950",image-00950.png,s,p,50,-37,67,6,20,0,0,16
"00951",image-00951.png,s,p,50,35,-4,16,37,0,0,16
"00952",image-00952.png,s,p,50,8,-34,21,66,0,0,16
"00953",image-00953.png,s,p,50,-26,-76,20,70,0,0,16
"00954",image-00954.png,s,p,50,20,-55,40,48,0,0,16
"00955",image-00955.png,s,p,50,-26,49,45,48,0,0,16
"00956",image-00956.png,s,p,50,-69,-23,16,53,0,0,16
"00957",image-00957.png,s,p,50,14,-3,7,33,0,0,16
"00958",image-00958.png,s,p,50,-66,45,26,40,0,0,16
"00959",image-00959.png,s,p,50,-42,-76,25,25,0,0,16
"00960",image-00960.png,s,p,50,30,66,14,11,0,0,16
"00961",image-00961.png,s,p,50,13,-99,36,42,0,0,16
"00962",image-00962.png,s,p,50,100,-46,19,65,0,0,16
"00963",image-00963.png,s,p,50,29,-10,5,45,0,0,16
"00964",image-00964.png,s,p,50,57,44,4,65,0,0,16
"00965",image-00965.png,s,p,50,-38,70,17,39,0,0,16
"00966",image-00966.png,s,p,50,24,-11,11,57,0,0,16
"00967",image-00967.png,s,p,50,-69,-41,45,48,0,0,16
"00968",image-00968.png,s,p,50,15,-88,35,56,0,0,16
"00969",image-00969.png,s,p,50,72,-87,2,43,0,0,16
"00970",image-00970.png,s,p,50,-7,-97,38,52,0,0,16
"00971",image-00971.png,s,p,50,56,27,37,56,0,0,16
"00972",image-00972.png,s,p,50,-2,19,27,38,0,0,16
"00973",image-00973.png,s,p,50,96,-15,27,44,0,0,16
"00974",image-00974.png,s,p,50,23,72,37,58,0,0,16
"00975",image-00975.png,s,p,50,79,-34,4,9,0,0,16
"00976",image-00976.png,s,p,50,39,25,5,59,0,0,16
"00977",image-00977.png,s,p,50,-73,-72,30,67,0,0,16
"00978",image-00978.png,s,p,50,-61,-58,45,69,0,0,16
"00979",image-00979.png,s,p,50,-79,55,21,22,0,0,16
"00980",image-00980.png,s,p,50,79,-62,38,50,0,0,16
"00981",image-00981.png,s,p,50,-98,97,25,17,0,0,16
"00982",image-00982.png,s,p,50,54,-74,31,53,0,0,16
"00983",image-00983.png,s,p,50,-64,-16,27,57,0,0,16
"00984",image-00984.png,s,p,50,64,-43,38,64,0,0,16
"00985",image-00985.png,s,p,50,-87,-12,34,63,0,0,16
"00986",image-00986.png,s,p,50,62,66,18,54,0,0,16
"00987",image-00987.png,s,p,50,-52,-99,50,63,0,0,16
"00988",image-00988.png,s,p,50,-26,-35,6,11,0,0,16
"00989",image-00989.png,s,p,50,67,77,33,44,0,0,16
"00990",image-00990.png,s,p,50,-54,53,31,46,0,0,16
"00991",image-00991.png,s,p,50,41,-5,27,5,0,0,16
"00992",image-00992.png,s,p,50,15,-32,13,36,0,0,16
"00993",image-00993.png,s,p,50,-36,-85,36,1,0,0,16
"00994",image-00994.png,s,p,50,8,-11,37,36,0,0,16
"00995",image-00995.png,s,p,50,-5,-49,2,10,0,0,16
"00996",image-00996.png,s,p,50,9,-27,8,3,0,0,16
"00997",image-00997.png,s,p,50,0,69,26,6,0,0,16
"00998",image-00998.png,s,p,50,28,-53,49,16,0,0,16
"00999",image-00999.png,s,p,50,-60,67,45,4,0,0,16
"01000",image-01000.png,s,p,50,-46,-63,14,7,0,0,16
